Sector,Percentage
NHS Sector,0.6135425268373246
Independent Sector,0.3864574731626755
